{
    "Bliptor": {
        "precision": 0.9642857142857143,
        "recall": 1.0,
        "f1-score": 0.9818181818181818,
        "support": 27.0
    },
    "Quorvian": {
        "precision": 1.0,
        "recall": 0.9714285714285714,
        "f1-score": 0.9855072463768116,
        "support": 35.0
    },
    "Zarnak": {
        "precision": 1.0,
        "recall": 1.0,
        "f1-score": 1.0,
        "support": 38.0
    },
    "accuracy": 0.99,
    "macro avg": {
        "precision": 0.9880952380952381,
        "recall": 0.9904761904761905,
        "f1-score": 0.9891084760649979,
        "support": 100.0
    },
    "weighted avg": {
        "precision": 0.9903571428571428,
        "recall": 0.99,
        "f1-score": 0.990018445322793,
        "support": 100.0
    }
}